{
  "Baseline1": {
    "All 4 modalities": {
      "WT": 0.8481633783018345,
      "TC": 0.7436394648167985,
      "ET": 0.7260471738993584
    },
    "Missing T1": {
      "WT": 0.7932906006414114,
      "TC": 0.6657972026533133,
      "ET": 0.6298115819717749
    },
    "Missing T1ce": {
      "WT": 0.8228097760710016,
      "TC": 0.28150940078117753,
      "ET": 0.0840673404605428
    },
    "Missing T2": {
      "WT": 0.7977002587316053,
      "TC": 0.6723952354756805,
      "ET": 0.692428651207219
    },
    "Missing FLAIR": {
      "WT": 0.5531847340637338,
      "TC": 0.6244962463303887,
      "ET": 0.6581442109733472
    },
    "Missing T1+T1ce": {
      "WT": 0.7827881438823353,
      "TC": 0.18757738191502854,
      "ET": 0.14143161795052817
    },
    "Missing T1+T2": {
      "WT": 0.7593189973702215,
      "TC": 0.6023396052511428,
      "ET": 0.5801429887179907
    },
    "Missing T1+FLAIR": {
      "WT": 0.5854940984486888,
      "TC": 0.5237520609665873,
      "ET": 0.6460344688479188
    },
    "Missing T1ce+T2": {
      "WT": 0.7988185059706705,
      "TC": 0.14988685360408344,
      "ET": 0.11519891149917982
    },
    "Missing T1ce+FLAIR": {
      "WT": 0.14586914340226714,
      "TC": 0.18233571836510462,
      "ET": 0.13259715335834996
    },
    "Missing T2+FLAIR": {
      "WT": 0.2360350051282987,
      "TC": 0.4384621034485427,
      "ET": 0.501068336427915
    },
    "Only T1": {
      "WT": 0.04040404106444693,
      "TC": 0.06060606081031541,
      "ET": 0.12121212142482993
    },
    "Only T1ce": {
      "WT": 0.3053312628713004,
      "TC": 0.4947248276708247,
      "ET": 0.5583992131292834
    },
    "Only T2": {
      "WT": 0.26509108308820795,
      "TC": 0.24001117856856122,
      "ET": 0.11111111129067094
    },
    "Only FLAIR": {
      "WT": 0.7670116602141598,
      "TC": 0.09460768095473339,
      "ET": 0.1616371378017099
    },
    "MEAN": {
      "WT": 0.5667540459500123,
      "TC": 0.39747606810748554,
      "ET": 0.3906221345973746
    }
  },
  "Baseline2": {
    "All 4 modalities": {
      "WT": 0.8374884845631058,
      "TC": 0.6355131597393753,
      "ET": 0.6664956240589479
    },
    "Missing T1": {
      "WT": 0.8183240545384339,
      "TC": 0.6060210171194546,
      "ET": 0.6025732343785164
    },
    "Missing T1ce": {
      "WT": 0.8286019967062445,
      "TC": 0.49378060611651114,
      "ET": 0.06568939746075575
    },
    "Missing T2": {
      "WT": 0.7980060710374086,
      "TC": 0.6061957168738217,
      "ET": 0.6470306897447428
    },
    "Missing FLAIR": {
      "WT": 0.7430978391434307,
      "TC": 0.6387948850295366,
      "ET": 0.6420591087612979
    },
    "Missing T1+T1ce": {
      "WT": 0.7810171876477271,
      "TC": 0.49732212173126256,
      "ET": 0.11716608321755778
    },
    "Missing T1+T2": {
      "WT": 0.8036773119223136,
      "TC": 0.5525082928405469,
      "ET": 0.5639188376192086
    },
    "Missing T1+FLAIR": {
      "WT": 0.7271030075075187,
      "TC": 0.6007014552188337,
      "ET": 0.6027312337537851
    },
    "Missing T1ce+T2": {
      "WT": 0.753669945809004,
      "TC": 0.48617922562339494,
      "ET": 0.1284679517080196
    },
    "Missing T1ce+FLAIR": {
      "WT": 0.6799740585604772,
      "TC": 0.4261176329222031,
      "ET": 0.12649121496015336
    },
    "Missing T2+FLAIR": {
      "WT": 0.45675737268747985,
      "TC": 0.4881506527245269,
      "ET": 0.5251838389083077
    },
    "Only T1": {
      "WT": 0.34827432358763616,
      "TC": 0.2996500102695977,
      "ET": 0.2123712490403785
    },
    "Only T1ce": {
      "WT": 0.5309091766874577,
      "TC": 0.5472591672838223,
      "ET": 0.5595645061502078
    },
    "Only T2": {
      "WT": 0.6860531963339167,
      "TC": 0.37697792900008026,
      "ET": 0.055006992549120545
    },
    "Only FLAIR": {
      "WT": 0.795217037830625,
      "TC": 0.40670048669819897,
      "ET": 0.09492483395988
    },
    "MEAN": {
      "WT": 0.705878070970852,
      "TC": 0.5107914906127444,
      "ET": 0.37397831975139195
    }
  },
  "BrainSegNet": {
    "All 4 modalities": {
      "WT": 0.8815640787050584,
      "TC": 0.7997168707183642,
      "ET": 0.7344555022744204
    },
    "Missing T1": {
      "WT": 0.883875075975811,
      "TC": 0.8121008005472693,
      "ET": 0.7693447384728442
    },
    "Missing T1ce": {
      "WT": 0.8519245996376967,
      "TC": 0.6573220553226256,
      "ET": 0.5014830731399946
    },
    "Missing T2": {
      "WT": 0.8684903853880177,
      "TC": 0.7903256150747819,
      "ET": 0.7338513409092015
    },
    "Missing FLAIR": {
      "WT": 0.8418334405519515,
      "TC": 0.7857836206810738,
      "ET": 0.7132414496971751
    },
    "Missing T1+T1ce": {
      "WT": 0.8980804640264568,
      "TC": 0.6900536304444868,
      "ET": 0.5184960450642443
    },
    "Missing T1+T2": {
      "WT": 0.8385559032427741,
      "TC": 0.7775481012153965,
      "ET": 0.745218901397943
    },
    "Missing T1+FLAIR": {
      "WT": 0.8287522639479664,
      "TC": 0.7701126937662743,
      "ET": 0.7422591389608441
    },
    "Missing T1ce+T2": {
      "WT": 0.8665280252452423,
      "TC": 0.6607588472441884,
      "ET": 0.4504713955771521
    },
    "Missing T1ce+FLAIR": {
      "WT": 0.81268057410535,
      "TC": 0.5726625933889814,
      "ET": 0.38590801028014565
    },
    "Missing T2+FLAIR": {
      "WT": 0.7248718203659916,
      "TC": 0.7950708053796027,
      "ET": 0.7573170897381544
    },
    "Only T1": {
      "WT": 0.6898910666593034,
      "TC": 0.5556225377162561,
      "ET": 0.37451652101265
    },
    "Only T1ce": {
      "WT": 0.7153809932218952,
      "TC": 0.7732000720286876,
      "ET": 0.739689299552077
    },
    "Only T2": {
      "WT": 0.8029906221147642,
      "TC": 0.6208645469176736,
      "ET": 0.40585270639459703
    },
    "Only FLAIR": {
      "WT": 0.8233032349677851,
      "TC": 0.6496981924254226,
      "ET": 0.47446548381131537
    },
    "MEAN": {
      "WT": 0.8219148365437376,
      "TC": 0.714056065524739,
      "ET": 0.6031047130855172
    }
  }
}