{
  "Baseline1": {
    "All 4 modalities": {
      "WT": 0.220142522296263,
      "TC": 0.09525471833893136,
      "ET": 0.04573366688891382
    },
    "Missing T1": {
      "WT": 0.1515793502490142,
      "TC": 0.03810325911640498,
      "ET": 0.015465608371710847
    },
    "Missing T1ce": {
      "WT": 0.3159992426323394,
      "TC": 0.2390340932649626,
      "ET": 0.3666667248685756
    },
    "Missing T2": {
      "WT": 0.31586948863457676,
      "TC": 0.13921632004198012,
      "ET": 0.039429773853982594
    },
    "Missing FLAIR": {
      "WT": 0.14406339681086708,
      "TC": 0.12305638923313628,
      "ET": 0.03927308396318076
    },
    "Missing T1+T1ce": {
      "WT": 0.2369679486366296,
      "TC": 0.21231333897376112,
      "ET": 0.5000000363020259
    },
    "Missing T1+T2": {
      "WT": 0.17398215001434073,
      "TC": 0.03719836461107949,
      "ET": 0.013795901695461708
    },
    "Missing T1+FLAIR": {
      "WT": 0.17325118272653375,
      "TC": 0.03091421412115567,
      "ET": 0.008715316644942787
    },
    "Missing T1ce+T2": {
      "WT": 0.3438032495942637,
      "TC": 0.30000102647414384,
      "ET": 0.4333333918733369
    },
    "Missing T1ce+FLAIR": {
      "WT": 0.26741035169082816,
      "TC": 0.304059697724793,
      "ET": 0.4000000586023055
    },
    "Missing T2+FLAIR": {
      "WT": 0.052341114917305996,
      "TC": 0.15546232749175676,
      "ET": 0.23440627378529424
    },
    "Only T1": {
      "WT": 1.104480237881326e-09,
      "TC": 0.26666670007149246,
      "ET": 0.4000000581458515
    },
    "Only T1ce": {
      "WT": 0.04731263562121661,
      "TC": 0.03326590559073563,
      "ET": 0.006519973031070712
    },
    "Only T2": {
      "WT": 0.43763384448829007,
      "TC": 0.22192564363732808,
      "ET": 0.466666721735187
    },
    "Only FLAIR": {
      "WT": 0.26512359281558723,
      "TC": 0.33333337327102974,
      "ET": 0.46666671789942643
    },
    "MEAN": {
      "WT": 0.2096986714821691,
      "TC": 0.16865369146417938,
      "ET": 0.22911155384408444
    }
  },
  "Baseline2": {
    "All 4 modalities": {
      "WT": 0.15175424101793258,
      "TC": 0.06426926742747492,
      "ET": 0.045887546360819535
    },
    "Missing T1": {
      "WT": 0.16214041804584364,
      "TC": 0.036299352832278434,
      "ET": 0.013912040439941098
    },
    "Missing T1ce": {
      "WT": 0.1790796948756962,
      "TC": 0.07772581606148218,
      "ET": 0.000852913056536406
    },
    "Missing T2": {
      "WT": 0.24505331195696708,
      "TC": 0.10116290515389499,
      "ET": 0.04765684003695727
    },
    "Missing FLAIR": {
      "WT": 0.18119907865005855,
      "TC": 0.05342411316678579,
      "ET": 0.02615678590959731
    },
    "Missing T1+T1ce": {
      "WT": 0.17249676493412328,
      "TC": 0.05734943457877915,
      "ET": 0.0003315138150114632
    },
    "Missing T1+T2": {
      "WT": 0.16426274340330488,
      "TC": 0.03586017226436119,
      "ET": 0.009832224501127095
    },
    "Missing T1+FLAIR": {
      "WT": 0.16379199723418997,
      "TC": 0.041810591463394636,
      "ET": 0.01843960741203494
    },
    "Missing T1ce+T2": {
      "WT": 0.27944278234366116,
      "TC": 0.07317230857759133,
      "ET": 0.06738923220686482
    },
    "Missing T1ce+FLAIR": {
      "WT": 0.1923232358573584,
      "TC": 0.09467019063530306,
      "ET": 0.02537621529444677
    },
    "Missing T2+FLAIR": {
      "WT": 0.016528059550492656,
      "TC": 0.026017558733805297,
      "ET": 0.0013497652687361158
    },
    "Only T1": {
      "WT": 5.65698225505065e-05,
      "TC": 0.10000000107936816,
      "ET": 0.266666765216692
    },
    "Only T1ce": {
      "WT": 0.05074104691169633,
      "TC": 0.04665970699114572,
      "ET": 0.004083552530592806
    },
    "Only T2": {
      "WT": 0.167184878699648,
      "TC": 0.057832576297005986,
      "ET": 0.0007558741817404913
    },
    "Only FLAIR": {
      "WT": 0.1966078909776447,
      "TC": 0.08245347864605848,
      "ET": 0.00032380126548233016
    },
    "MEAN": {
      "WT": 0.15484418095207786,
      "TC": 0.06324716492724862,
      "ET": 0.035267645166438696
    }
  },
  "BrainSegNet": {
    "All 4 modalities": {
      "WT": 0.22155469415431941,
      "TC": 0.06817154583301253,
      "ET": 0.008504170864254139
    },
    "Missing T1": {
      "WT": 0.18222842202817713,
      "TC": 0.08335917721981675,
      "ET": 0.04529701529226207
    },
    "Missing T1ce": {
      "WT": 0.1994102090118771,
      "TC": 0.10634488454827078,
      "ET": 0.044214239462745955
    },
    "Missing T2": {
      "WT": 0.2273173996093323,
      "TC": 0.06506340659554871,
      "ET": 0.004864601627588139
    },
    "Missing FLAIR": {
      "WT": 0.2600979726606359,
      "TC": 0.09478904791373126,
      "ET": 0.014532881914173228
    },
    "Missing T1+T1ce": {
      "WT": 0.24742456143729424,
      "TC": 0.12121835326227141,
      "ET": 0.05793310657219728
    },
    "Missing T1+T2": {
      "WT": 0.21471333719176433,
      "TC": 0.06173176743003521,
      "ET": 0.004270047577897642
    },
    "Missing T1+FLAIR": {
      "WT": 0.23318418394925894,
      "TC": 0.07133408860807657,
      "ET": 0.008878495315827803
    },
    "Missing T1ce+T2": {
      "WT": 0.1685562730505298,
      "TC": 0.043588090967562915,
      "ET": 0.009713958885063158
    },
    "Missing T1ce+FLAIR": {
      "WT": 0.2947095142679245,
      "TC": 0.0998868726180168,
      "ET": 0.009462977746824197
    },
    "Missing T2+FLAIR": {
      "WT": 0.17027167276682778,
      "TC": 0.048729418639191294,
      "ET": 0.00951989080572539
    },
    "Only T1": {
      "WT": 0.10826671088617303,
      "TC": 0.012941488016226218,
      "ET": 0.00019590448219384285
    },
    "Only T1ce": {
      "WT": 0.1317131412374236,
      "TC": 0.05211035212676627,
      "ET": 0.004097682245926577
    },
    "Only T2": {
      "WT": 0.25300776162572824,
      "TC": 0.09357547414731222,
      "ET": 0.01992477149556537
    },
    "Only FLAIR": {
      "WT": 0.209326599694149,
      "TC": 0.0589151581031591,
      "ET": 0.018624859177558364
    },
    "MEAN": {
      "WT": 0.20811883023809435,
      "TC": 0.07211727506859987,
      "ET": 0.017335640231053544
    }
  }
}